INSERT INTO users (id, name, age) VALUES
(1, "Joe", 28),
(2, "Sue", 47),
(3, "Mary", 39),
(4, "Luke", 35),
(5, "Alex", 37),
(6, "Gary", 52),
(7, "Peggy", 54),
(8, "Ben", 31),
(9, "Drew", 25),
(10, "Leah", 37),
(11, "June", 41),
(12, "Cale", 38),
(13, "Kate", 36),
(14, "Mae", 51),
(15, "Sally", 53),
(16, "Peter", 43),
(17, "Kyle", 24),
(18, "Iris", 41),
(19, "Jim", 49),
(20, "Rena", 53);

INSERT INTO projects (id, title, category, 
funding_goal, start_date, end_date) VALUES
(1, "Amri School", "Education", 50000, 06/19, 06/20),
(2, "Tears Foundation", "Loss and Grief Support", 100000, 05/19, 05/20),
(3, "Oblideride", "Medical", 5000, 07/19, 08/19),
(4, "St Jude", "Medical", 10000, 06/19, 12/19),
(5, "Endangered Speceis", "Wildlife", 500000, 03/19, 11/19),
(6, "Boys & Girls Club", "Community", 20000, 09/19, 12/19),
(7, "TP Forever", "Community and Education", 70000, 04/19, 10/19),
(8, "Local Markets", "Community", 8000, 10/19, 11/19),
(9, "Personal", "Personal", 3000, 09/19, 10/19),
(10, "Humane Society", "Pets and Animals", 30000, 07/19, 12/19);

INSERT INTO pledges (id, amount, user_id, project_id) VALUES
(1, 500.00, 4, 2),
(2, 800.00, 3, 8),
(3, 1000.00, 1, 3),
(4, 20000.00, 8, 2),
(5, 3000.00, 6, 7),
(6, 400.00, 5, 9),
(7, 5000.00, 20, 10),
(8, 300.00, 19, 9),
(9, 700.00, 18, 6),
(10, 200.00, 17, 5),
(11, 100.00, 16, 4),
(12, 50.00, 15, 1),
(13, 300.00, 14, 7),
(14, 400.00, 13, 5),
(15, 600.00, 12, 6),
(16, 900.00, 11, 4),
(17, 300.00, 10, 5),
(18, 100.00, 9, 3),
(19, 400.00, 8, 2),
(20, 100.00, 7, 3),
(21, 200.00, 6, 9),
(22, 500.00, 5, 10),
(23, 100.00, 4, 6),
(24, 300.00, 3, 1),
(25, 1000.00, 20, 5),
(26, 700.00, 18, 8),
(27, 200.00, 16, 4),
(28, 30.00, 14, 9),
(29, 100.00, 17, 2),
(30, 300.00, 12, 5);